{
    "answers": { 
        "phase": "design", 
        "action": "api design", 
        "scope": "api", 
        "action experience": 4, 
        "prog lang": "n/a", 
        "other prog lang": "<fill in>", 
        "aimodel": "chatgpt", 
        "aimodel version": "3.5", 
        "lmstudio-hosted aimodel": "<fill-in>", 
        "tool option": "online free", 
        "experience with tool": 4, 
        "time allocated (h)": "0.06", 
        "time saved estimate (h)": "0.77", 
        "quality of ai help": 3, 
        "knowledge acquired": 4, 
        "generic feeling - now": 4, 
        "generic feeling - future": 5, 
        "threat level": 1, 
        "notes": "<fill in>"
    }
}
