{
    "answers": { 
        "phase": "deployment", 
        "action": "choreography design", 
        "scope": "deployment scripts", 
        "action experience": 4, 
        "prog lang": "yaml/json", 
        "other prog lang": "<fill in>", 
        "aimodel": "chatgpt", 
        "aimodel version": "3.5", 
        "lmstudio-hosted aimodel": "<fill-in>", 
        "tool option": "online free", 
        "experience with tool": 4, 
        "time allocated (h)": "0.09", 
        "time saved estimate (h)": "0.74", 
        "quality of ai help": 3, 
        "knowledge acquired": 3, 
        "generic feeling - now": 5, 
        "generic feeling - future": 5, 
        "threat level": 1, 
        "notes": "<fill in>"
    }
}
