{
    "answers": { 
        "phase": "deployment", 
        "action": "source code authoring", 
        "scope": "deployment scripts", 
        "action experience": 4, 
        "prog lang": "other", 
        "other prog lang": "bash", 
        "aimodel": "chatgpt", 
        "aimodel version": "3.5", 
        "lmstudio-hosted aimodel": "<fill-in>", 
        "tool option": "online free", 
        "experience with tool": 4, 
        "time allocated (h)": "0.09", 
        "time saved estimate (h)": "0.47", 
        "quality of ai help": 3, 
        "knowledge acquired": 3, 
        "generic feeling - now": 3, 
        "generic feeling - future": 4, 
        "threat level": 1, 
        "notes": "<fill in>"
    }
}
