{
    "answers": { 
        "phase": "coding", 
        "action": "source code authoring", 
        "scope": "backend", 
        "action experience": 4, 
        "prog lang": "js", 
        "other prog lang": "<fill in>", 
        "aimodel": "chatgpt", 
        "aimodel version": "3.5", 
        "lmstudio-hosted aimodel": "<fill-in>", 
        "tool option": "online free", 
        "experience with tool": 4, 
        "time allocated (h)": "0.09", 
        "time saved estimate (h)": "0.56", 
        "quality of ai help": 2, 
        "knowledge acquired": 3, 
        "generic feeling - now": 5, 
        "generic feeling - future": 4, 
        "threat level": 1, 
        "notes": "<fill in>"
    }
}
