{
    "answers": {
        "phase": "design",
        "action": "orchestration design",
        "scope": "backend",
        "action experience": 2,
        "prog lang": "n/a",
        "other prog lang": "n/a",
        "aimodel": "chatgpt",
        "aimodel version": "3.5",
        "lmstudio-hosted aimodel": "<fill-in>",
        "tool option": "online free",
        "experience with tool": 3,
        "time allocated (h)": "0.1",
        "time saved estimate (h)": "0.2", 
        "quality of ai help": 3,
        "knowledge acquired": 3,
        "generic feeling - now": 3,
        "generic feeling - future": 5,
        "threat level": 4,
        "notes": "<fill in>"
    }
}
