{
    "answers": { 
        "phase": "coding", 
        "action": "source code authoring", 
        "scope": "data management", 
        "action experience": 5, 
        "prog lang": "other", 
        "other prog lang": "ts", 
        "aimodel": "chatgpt", 
        "aimodel version": "4o", 
        "lmstudio-hosted aimodel": "<fill-in>", 
        "tool option": "online free", 
        "experience with tool": 4, 
        "time allocated (h)": "0.17", 
        "time saved estimate (h)": "0.93", 
        "quality of ai help": 3, 
        "knowledge acquired": 1, 
        "generic feeling - now": 5, 
        "generic feeling - future": 4, 
        "threat level": 1, 
        "notes": "<fill in>"
    }
}
