{
    "answers": {
        "phase": "coding",
        "action": "source code authoring",
        "scope":  "frontend",
        "action experience": 4,
        "prog lang": "js",
        "other prog lang": "<fill in>",
        "aimodel": "chatgpt",
        "aimodel version": "3.5",
        "lmstudio-hosted aimodel": "<fill-in>",
        "tool option": "online free",
        "experience with tool": 3,
        "time allocated (h)": "0.5",
        "time saved estimate (h)": "2", 
        "quality of ai help": 2,
        "knowledge acquired": 2,
        "generic feeling - now": 3, 
        "generic feeling - future": 5,
        "threat level": 3,
        "notes": "<fill in>"
    }
}
