{
    "answers": { 
        "phase": "deployment", 
        "action": "network operations", 
        "scope": "github operations", 
        "action experience": 3, 
        "prog lang": "n/a", 
        "other prog lang": "<fill in>", 
        "aimodel": "chatgpt", 
        "aimodel version": "3.5", 
        "lmstudio-hosted aimodel": "<fill-in>", 
        "tool option": "online free", 
        "experience with tool": 4, 
        "time allocated (h)": "0.04", 
        "time saved estimate (h)": "0.84", 
        "quality of ai help": 2, 
        "knowledge acquired": 2, 
        "generic feeling - now": 3, 
        "generic feeling - future": 3, 
        "threat level": 1, 
        "notes": "<fill in>"
    }
}
